{"accuracy": [0.6240273118019104, 0.8677430748939514, 0.9202361702919006, 0.9426701664924622, 0.9577352404594421, 0.9664129614830017, 0.973312497138977, 0.9775517582893372, 0.9806244969367981, 0.9824169278144836], "loss": [1.2746891975402832, 0.41720035672187805, 0.24819694459438324, 0.1760527640581131, 0.12695138156414032, 0.10418693721294403, 0.07948616147041321, 0.06913396716117859, 0.05987533926963806, 0.05570615828037262], "val_accuracy": [0.795868456363678, 0.9075802564620972, 0.937798798084259, 0.9286933541297913, 0.9622126221656799, 0.9486114382743835, 0.9557819366455078, 0.9593102931976318, 0.9645458459854126, 0.9734236001968384], "val_loss": [0.6648010015487671, 0.28488966822624207, 0.19415996968746185, 0.2211243063211441, 0.12262461334466934, 0.16041378676891327, 0.14150473475456238, 0.1435832381248474, 0.12460263818502426, 0.08897292613983154]}